Product,Section,UserTransaction,Amount,UserName
Banana,70.0,1,70.0,hardik
Banana,70.0,3,210.0,hardik
Banana,70.0,2,140.0,hardik
Banana,70.0,3,210.0,hardik
Banana,70.0,3,210.0,hardik
apple,100.0,3,300.0,hardik
Banana,70.0,3,210.0,hardik
Banana,70.0,8,560.0,hardik
apple,100.0,2,200.0,hardik
Banana,70.0,3,210.0,hardik
Banana,70.0,2,140.0,hardik
Banana,70.0,6,420.0,hardik
Banana,70.0,3,210.0,hardik
Banana,70.0,1,70.0,hardik
Banana,70.0,1,70.0,hardik
Banana,70.0,1,70.0,hardik
Banana,70.0,1,70.0,hardik
Banana,70.0,1,70.0,hardik
Banana,70.0,1,70.0,hardik
Banana,70.0,1,70.0,hardik
Banana,70.0,1,70.0,hardik
Banana,70.0,1,70.0,hardik
Banana,70.0,1,70.0,hardik
Tomato,60.0,1,60.0,hardik
Banana,70.0,1,70.0,hardik
Banana,70.0,1,70.0,hardik
Banana,70.0,1,210.0,hardik
apple,100.0,1,100.0,hardik
apple,100.0,1,100.0,hardik
apple,100.0,1,100.0,hardik
Banana,70.0,1,70.0,hardik
Banana,70.0,1,70.0,hardik
Banana,70.0,1,70.0,hardik
Banana,70.0,5,350.0,hardik
Banana,70.0,2,140.0,hardik
Banana,70.0,1,70.0,hardik
Apple,100.0,1,100.0,hardik
Banana,70.0,2,140.0,hardik
Apple,100.0,2,200.0,hardik
Banana,70.0,690,48300.0,hardik
Banana,70.0,5,350.0,hardik
Apple,100.0,489,48900.0,hardik
Apple,100.0,3,300.0,hardik
